query,scheme
pm kisan farmer scheme,PM-Kisan
ration card food grains,Ration Card
pension for old people,Pension
kisan samman nidhi,PM-Kisan
food security card,Ration Card
old age pension,Pension
farmer financial help,PM-Kisan
subsidized food,Ration Card
retirement benefits,Pension
agriculture support,PM-Kisan
how to apply for pm kisan,PM-Kisan
ration card application,Ration Card
pension scheme for senior citizens,Pension
farmer income support,PM-Kisan
get ration card,Ration Card
national pension scheme,Pension
kisan credit card,PM-Kisan
public distribution system,Ration Card
widow pension scheme,Pension
disabled person pension,Pension
pm kisan status check,PM-Kisan
ration card renewal,Ration Card
pension amount,Pension
pm kisan registration,PM-Kisan
ration card eligibility,Ration Card
pension eligibility,Pension
pm kisan beneficiary list,PM-Kisan
ration card list,Ration Card
pension disbursement,Pension
pm kisan helpline,PM-Kisan
ration card helpline,Ration Card
pension helpline,Pension